"store","sku","qty","is_in_stock","color"
"admin","7675","0.0000","1",""
"admin","7675","","",""
"admin","7675","","",""
"admin","7675-S","15.0000","1",""
"admin","7675-M","15.0000","1",""
"admin","7675-L","5.0000","1",""
"admin","7675-XL","6.0000","1",""
"admin","7678","0.0000","1",""
"admin","7678","","",""
"admin","7678","","",""
"admin","7678","","",""
"admin","7678","","",""
"admin","7678-Blanco-S","1.0000","1","Blanco"
"admin","7678-Blanco-M","1.0000","1","Blanco"
"admin","7678-Blanco-L","0.0000","0","Blanco"
"admin","7678-Negro-S","10.0000","1","Negro"
"admin","7678-Negro-M","10.0000","1","Negro"
"admin","7678-Negro-L","10.0000","1","Negro"
"admin","7674","0.0000","1",""
"admin","7674-S","8.0000","1",""
"admin","7674-M","0.0000","0",""
"admin","7674-L","6.0000","1",""
"admin","7674-XL","6.0000","1",""
"admin","7679","0.0000","1",""
"admin","7679","","",""
"admin","7679","","",""
"admin","7679","","",""
"admin","7679","","",""
"admin","7679","","",""
"admin","7679","","",""
"admin","7679","","",""
"admin","7679","","",""
"admin","7679","","",""
"admin","7679","","",""
"admin","7679","","",""
"admin","7679-Blanco-S","10.0000","1","Blanco"
"admin","7679-Blanco-M","10.0000","1","Blanco"
"admin","7679-Blanco-L","10.0000","1","Blanco"
"admin","7679-Marfil-S","10.0000","1","Marfil"
"admin","7679-Marfil-M","10.0000","1","Marfil"
"admin","7679-Marfil-L","10.0000","1","Marfil"
"admin","7679-Negro-S","0.0000","0","Negro"
"admin","7679-Negro-M","0.0000","0","Negro"
"admin","7679-Negro-L","6.0000","1","Negro"
"admin","7679-Rojo-S","10.0000","1","Rojo"
"admin","7679-Rojo-M","10.0000","1","Rojo"
"admin","7679-Rojo-L","10.0000","1","Rojo"
"admin","7677","0.0000","1",""
"admin","7677-S","10.0000","1",""
"admin","7677-M","0.0000","0",""
"admin","7677-L","0.0000","0",""
"admin","7670","0.0000","1",""
"admin","7670","","",""
"admin","C008","0.0000","1",""
"admin","C008","","",""
"admin","C008","","",""
"admin","C008","","",""
"admin","C008","","",""
"admin","C008","","",""
"admin","C008","","",""
"admin","C008","","",""
"admin","C008","","",""
"admin","C008","","",""
"admin","C008","","",""
"admin","C008","","",""
"admin","C008-Negro-S","10.0000","1","Negro"
"admin","C008-Negro-M","10.0000","1","Negro"
"admin","C008-Negro-L","10.0000","1","Negro"
"admin","C008-Blanco-S","7.0000","1","Blanco"
"admin","C008-Blanco-M","8.0000","1","Blanco"
"admin","C008-Blanco-L","8.0000","1","Blanco"
"admin","C008-Rosado-S","3.0000","1","Rosado"
"admin","C008-Rosado-M","1.0000","1","Rosado"
"admin","C008-Rosado-L","2.0000","1","Rosado"
"admin","C008-Piel-S","2.0000","1","Piel"
"admin","C008-Piel-M","1.0000","1","Piel"
"admin","C008-Piel-L","3.0000","1","Piel"
"admin","H008","0.0000","1",""
"admin","H008","","",""
"admin","H008","","",""
"admin","H008","","",""
"admin","H008","","",""
"admin","H008","","",""
"admin","H008","","",""
"admin","H008","","",""
"admin","H008","","",""
"admin","H008","","",""
"admin","H008","","",""
"admin","H008-Negro-S","5.0000","1","Negro"
"admin","H008-Negro-M","5.0000","1","Negro"
"admin","H008-Negro-L","10.0000","1","Negro"
"admin","H008-Blanco-S","5.0000","1","Blanco"
"admin","H008-Blanco-M","4.0000","1","Blanco"
"admin","H008-Blanco-L","8.0000","1","Blanco"
"admin","H008-Rosado-S","8.0000","1","Rosado"
"admin","H008-Rosado-M","4.0000","1","Rosado"
"admin","H008-Rosado-L","8.0000","1","Rosado"
"admin","P008","0.0000","1",""
"admin","P008","","",""
"admin","P008","","",""
"admin","P008","","",""
"admin","P008","","",""
"admin","P008","","",""
"admin","P008","","",""
"admin","P008","","",""
"admin","P008","","",""
"admin","P008","","",""
"admin","P008-Negro-S","9.0000","1","Negro"
"admin","P008-Negro-M","9.0000","1","Negro"
"admin","P008-Negro-L","10.0000","1","Negro"
"admin","P008-Blanco-S","1.0000","1","Blanco"
"admin","P008-Blanco-M","1.0000","1","Blanco"
"admin","P008-Blanco-L","10.0000","1","Blanco"
"admin","P008-Rosado-S","8.0000","1","Rosado"
"admin","P008-Rosado-M","5.0000","1","Rosado"
"admin","P008-Rosado-L","8.0000","1","Rosado"
"admin","P008-Piel-S","0.0000","0","Piel"
"admin","P008-Piel-M","0.0000","0","Piel"
"admin","P008-Piel-L","1.0000","1","Piel"
"admin","T008","0.0000","1",""
"admin","T008","","",""
"admin","T008","","",""
"admin","T008","","",""
"admin","T008","","",""
"admin","T008","","",""
"admin","T008","","",""
"admin","T008","","",""
"admin","T008","","",""
"admin","T008","","",""
"admin","T008","","",""
"admin","T008","","",""
"admin","T008","","",""
"admin","T008","","",""
"admin","T008","","",""
"admin","T008-Negro-S","8.0000","1","Negro"
"admin","T008-Negro-M","5.0000","1","Negro"
"admin","T008-Negro-L","0.0000","0","Negro"
"admin","T008-Blanco-S","4.0000","1","Blanco"
"admin","T008-Blanco-M","0.0000","0","Blanco"
"admin","T008-Blanco-L","6.0000","1","Blanco"
"admin","T008-Rosado-S","6.0000","1","Rosado"
"admin","T008-Rosado-M","3.0000","1","Rosado"
"admin","T008-Rosado-L","6.0000","1","Rosado"
"admin","T008-Piel-S","15.0000","1","Piel"
"admin","T008-Piel-M","10.0000","1","Piel"
"admin","T008-Piel-L","6.0000","1","Piel"
"admin","H008-Piel-S","0.0000","0","Piel"
"admin","H008-Piel-M","0.0000","0","Piel"
"admin","H008-Piel-L","3.0000","1","Piel"
"admin","B001","0.0000","1",""
"admin","B001","","",""
"admin","B001","","",""
"admin","B001","","",""
"admin","B001","","",""
"admin","B001","","",""
"admin","B001","","",""
"admin","B001-Negro-S","0.0000","0","Negro"
"admin","B001-Negro-M","0.0000","0","Negro"
"admin","B001-Negro-L","0.0000","0","Negro"
"admin","B001-Rojo-S","9.0000","1","Rojo"
"admin","B001-Rojo-M","5.0000","1","Rojo"
"admin","B007","0.0000","1",""
"admin","B007","","",""
"admin","B007","","",""
"admin","B007","","",""
"admin","B007","","",""
"admin","B007","","",""
"admin","B007","","",""
"admin","B007","","",""
"admin","B007","","",""
"admin","B007-Blanco-32","7.0000","1","Blanco"
"admin","B007-Blanco-34","7.0000","1","Blanco"
"admin","B007-Blanco-36","0.0000","0","Blanco"
"admin","B007-Negro-32","10.0000","1","Negro"
"admin","B007-Negro-34","10.0000","1","Negro"
"admin","B007-Negro-36","0.0000","0","Negro"
"admin","B007-Rojo-32","10.0000","1","Rojo"
"admin","B007-Rojo-34","9.0000","1","Rojo"
"admin","H007","0.0000","1",""
"admin","H007","","",""
"admin","H007","","",""
"admin","H007","","",""
"admin","H007","","",""
"admin","H007","","",""
"admin","H007","","",""
"admin","H007","","",""
"admin","H007","","",""
"admin","H007-Blanco-S","0.0000","0","Blanco"
"admin","H007-Blanco-M","10.0000","1","Blanco"
"admin","H007-Blanco-L","10.0000","1","Blanco"
"admin","H007-Negro-S","10.0000","1","Negro"
"admin","H007-Negro-M","2.0000","1","Negro"
"admin","H007-Negro-L","12.0000","1","Negro"
"admin","H007-Rojo-S","5.0000","1","Rojo"
"admin","H007-Rojo-M","5.0000","1","Rojo"
"admin","H007-Rojo-L","7.0000","1","Rojo"
"admin","7667","0.0000","1",""
"admin","7667-S","5.0000","1",""
"admin","7667-M","3.0000","1",""
"admin","7667-L","3.0000","1",""
"admin","7667-XL","3.0000","1",""
"admin","7671","0.0000","1",""
"admin","7671-S","4.0000","1",""
"admin","7671-M","10.0000","1",""
"admin","7671-L","4.0000","1",""
"admin","7671-XL","9.0000","1",""
"admin","7681","0.0000","1",""
"admin","7681-S","0.0000","0",""
"admin","7681-M","10.0000","1",""
"admin","7681-L","0.0000","0",""
"admin","7681-XL","6.0000","1",""
"admin","7672","0.0000","1",""
"admin","7672","","",""
"admin","7672-S","3.0000","1",""
"admin","7672-M","2.0000","1",""
"admin","7672-L","3.0000","1",""
"admin","7673","0.0000","1",""
"admin","7673-S","0.0000","0",""
"admin","7673-M","1.0000","1",""
"admin","7673-L","6.0000","1",""
"admin","7673-XL","9.0000","1",""
"admin","7676","0.0000","1",""
"admin","7676-4","10.0000","1",""
"admin","7676-6","5.0000","1",""
"admin","7676-8","1.0000","1",""
"admin","7676-10","5.0000","1",""
"admin","7676-12","1.0000","1",""
"admin","7668","0.0000","1",""
"admin","7668-S","2.0000","1",""
"admin","7668-M","0.0000","0",""
"admin","7668-L","3.0000","1",""
"admin","7668-XL","0.0000","0",""
"admin","T009","0.0000","1",""
"admin","T009","","",""
"admin","T009","","",""
"admin","T009","","",""
"admin","T009","","",""
"admin","T009","","",""
"admin","T009","","",""
"admin","T009","","",""
"admin","T009-Blanco-S","1.0000","1","Blanco"
"admin","T009-Blanco-M","0.0000","0","Blanco"
"admin","T009-Blanco-L","0.0000","0","Blanco"
"admin","T009-Negro-S","0.0000","0","Negro"
"admin","T009-Negro-M","0.0000","0","Negro"
"admin","T009-Negro-L","0.0000","0","Negro"
"admin","T009-Verde-S","3.0000","1","Verde"
"admin","T009-Verde-M","0.0000","0","Verde"
"admin","T009-Verde-L","3.0000","1","Verde"
"admin","H009","0.0000","1",""
"admin","H009","","",""
"admin","H009","","",""
"admin","H009","","",""
"admin","H009","","",""
"admin","H009","","",""
"admin","H009","","",""
"admin","H009","","",""
"admin","H009-Blanco-S","3.0000","1","Blanco"
"admin","H009-Blanco-M","7.0000","1","Blanco"
"admin","H009-Blanco-L","10.0000","1","Blanco"
"admin","H009-Negro-S","7.0000","1","Negro"
"admin","H009-Negro-M","7.0000","1","Negro"
"admin","H009-Negro-L","7.0000","1","Negro"
"admin","H009-Verde-S","7.0000","1","Verde"
"admin","H009-Verde-M","7.0000","1","Verde"
"admin","H009-Verde-L","7.0000","1","Verde"
"admin","P009","0.0000","1",""
"admin","P009","","",""
"admin","P009","","",""
"admin","P009","","",""
"admin","P009","","",""
"admin","P009-Blanco-S","0.0000","0","Blanco"
"admin","P009-Blanco-M","0.0000","0","Blanco"
"admin","P009-Blanco-L","0.0000","0","Blanco"
"admin","P009-Negro-S","7.0000","1","Negro"
"admin","P009-Negro-M","0.0000","0","Negro"
"admin","P009-Negro-L","3.0000","1","Negro"
"admin","0233","0.0000","1",""
"admin","0233","","",""
"admin","0233","","",""
"admin","0233-S","8.0000","1",""
"admin","0233-M","10.0000","1",""
"admin","0233-L","0.0000","0",""
"admin","0233-XL","1.0000","1",""
"admin","0235","0.0000","1",""
"admin","0235","","",""
"admin","0235","","",""
"admin","0235","","",""
"admin","0235","","",""
"admin","0235","","",""
"admin","0235","","",""
"admin","0235-Verde Limon-S","7.0000","1","Verde Limon"
"admin","0235-Verde Limon-M","11.0000","1","Verde Limon"
"admin","0235-Verde Limon-L","10.0000","1","Verde Limon"
"admin","0235-Verde Limon-XL","7.0000","1","Verde Limon"
"admin","0235-Naranja-S","7.0000","1","Naranja"
"admin","0235-Naranja-M","11.0000","1","Naranja"
"admin","0235-Naranja-L","1.0000","1","Naranja"
"admin","0235-Naranja-XL","6.0000","1","Naranja"
"admin","0236","0.0000","1",""
"admin","0236","","",""
"admin","0236","","",""
"admin","0236-S","30.0000","1",""
"admin","0236-M","30.0000","1",""
"admin","0236-L","0.0000","0",""
"admin","0234","0.0000","1",""
"admin","0234","","",""
"admin","0234","","",""
"admin","0234-S","10.0000","1",""
"admin","0234-M","10.0000","1",""
"admin","0234-L","0.0000","0",""
"admin","0234-XL","7.0000","1",""
"admin","0237","0.0000","1",""
"admin","0237","","",""
"admin","0237","","",""
"admin","0237","","",""
"admin","0237","","",""
"admin","0237","","",""
"admin","0237","","",""
"admin","0237","","",""
"admin","0237-Azul Estampado-S","0.0000","0","Azul Estampado"
"admin","0237-Azul Estampado-M","1.0000","1","Azul Estampado"
"admin","0237-Azul Estampado-L","7.0000","1","Azul Estampado"
"admin","0237-Rosa Estampado-S","0.0000","0","Rosa Estampado"
"admin","0237-Rosa Estampado-M","0.0000","0","Rosa Estampado"
"admin","0237-Rosa Estampado-L","5.0000","1","Rosa Estampado"
"admin","0238","0.0000","1",""
"admin","0238","","",""
"admin","0238","","",""
"admin","0238","","",""
"admin","0238","","",""
"admin","0238","","",""
"admin","0238","","",""
"admin","0238","","",""
"admin","0238","","",""
"admin","0238","","",""
"admin","0238-Negro-S","10.0000","1","Negro"
"admin","0238-Negro-M","10.0000","1","Negro"
"admin","0238-Negro-L","3.0000","1","Negro"
"admin","0238-Púrpura-S","30.0000","1","Púrpura"
"admin","0238-Púrpura-M","10.0000","1","Púrpura"
"admin","0238-Púrpura-L","10.0000","1","Púrpura"
"admin","0238-Rosado Estampado-S","10.0000","1","Rosado Estampado"
"admin","0238-Rosado Estampado-M","5.0000","1","Rosado Estampado"
"admin","0238-Rosado Estampado-L","5.0000","1","Rosado Estampado"
"admin","0239","0.0000","1",""
"admin","0239","","",""
"admin","0239","","",""
"admin","0239","","",""
"admin","0239","","",""
"admin","0239","","",""
"admin","0239","","",""
"admin","0239-Rosado Neon-S","8.0000","1","Rosado Neon"
"admin","0239-Rosado Neon-M","8.0000","1","Rosado Neon"
"admin","0239-Rosado Neon-L","5.0000","1","Rosado Neon"
"admin","0239-Negro-S","10.0000","1","Negro"
"admin","0239-Negro-M","9.0000","1","Negro"
"admin","0239-Negro-L","10.0000","1","Negro"
"admin","0239-Púrpura-S","10.0000","1","Púrpura"
"admin","0239-Púrpura-M","10.0000","1","Púrpura"
"admin","0239-Púrpura-L","10.0000","1","Púrpura"
"admin","0241","0.0000","1",""
"admin","0241","","",""
"admin","0241","","",""
"admin","0241","","",""
"admin","0241","","",""
"admin","0241-Rosado Estampado-S","5.0000","1","Rosado Estampado"
"admin","0241-Rosado Estampado-M","10.0000","1","Rosado Estampado"
"admin","0241-Rosado Estampado-L","5.0000","1","Rosado Estampado"
"admin","0241-Púrpura Estampado-S","1.0000","1","Púrpura Estampado"
"admin","0241-Púrpura Estampado-M","0.0000","0","Púrpura Estampado"
"admin","0242","0.0000","1",""
"admin","0242","","",""
"admin","0242","","",""
"admin","0242","","",""
"admin","0242","","",""
"admin","0242","","",""
"admin","0242","","",""
"admin","0242","","",""
"admin","0242","","",""
"admin","0242","","",""
"admin","774-S","30.0000","1",""
"admin","774-M","30.0000","1",""
"admin","0242-Rosado-S","0.0000","0","Rosado"
"admin","0242-Rosado-M","8.0000","1","Rosado"
"admin","0242-Rosado-L","0.0000","0","Rosado"
"admin","0242-Púrpura-S","10.0000","1","Púrpura"
"admin","0242-Púrpura-M","9.0000","1","Púrpura"
"admin","0242-Púrpura-L","10.0000","1","Púrpura"
"admin","0242-Negro-S","8.0000","1","Negro"
"admin","0242-Negro-M","8.0000","1","Negro"
"admin","0242-Negro-L","8.0000","1","Negro"
"admin","0242-Blanco-S","5.0000","1","Blanco"
"admin","0242-Blanco-M","4.0000","1","Blanco"
"admin","0242-Blanco-L","1.0000","1","Blanco"
"admin","0240","0.0000","1",""
"admin","0240","","",""
"admin","0240","","",""
"admin","0240","","",""
"admin","0240-Rosado Estampado-S","8.0000","1","Rosado Estampado"
"admin","0240-Rosado Estampado-M","7.0000","1","Rosado Estampado"
"admin","0240-Rosado Estampado-L","3.0000","1","Rosado Estampado"
"admin","0240-Púrpura Estampado-S","5.0000","1","Púrpura Estampado"
"admin","0240-Púrpura Estampado-M","8.0000","1","Púrpura Estampado"
"admin","0240-Púrpura Estampado-L","10.0000","1","Púrpura Estampado"
"admin","0243","0.0000","1",""
"admin","0243","","",""
"admin","0243","","",""
"admin","0243","","",""
"admin","0243-Rosado-S","4.0000","1","Rosado"
"admin","0243-Rosado-M","1.0000","1","Rosado"
"admin","0243-Rosado-L","5.0000","1","Rosado"
"admin","0243-Negro-S","10.0000","1","Negro"
"admin","0243-Negro-M","10.0000","1","Negro"
"admin","0243-Negro-L","10.0000","1","Negro"
"admin","0244","0.0000","0",""
"admin","0244","","",""
"admin","0244-S","10.0000","1",""
"admin","0244-M","10.0000","1",""
"admin","0244-L","3.0000","1",""
"admin","7670-S","0.0000","0",""
"admin","7670-M","4.0000","1",""
"admin","7670-L","6.0000","1",""
"admin","7670-XL","0.0000","0",""
"admin","7625","0.0000","1",""
"admin","7625","","",""
"admin","7625","","",""
"admin","7625-S","4.0000","1",""
"admin","7625-L","2.0000","1",""
"admin","7626","0.0000","1",""
"admin","7626","","",""
"admin","7626-S","5.0000","1",""
"admin","7626-M","4.0000","1",""
"admin","7626-L","5.0000","1",""
"admin","7627","0.0000","1",""
"admin","7627-S","1.0000","1",""
"admin","7627-M","2.0000","1",""
"admin","7627-L","5.0000","1",""
"admin","7629","0.0000","1",""
"admin","7629","","",""
"admin","7629-S","5.0000","1",""
"admin","7629-M","2.0000","1",""
"admin","7629-L","4.0000","1",""
"admin","7631","0.0000","1",""
"admin","7631-L","7.0000","1",""
"admin","7637","0.0000","1",""
"admin","7637","","",""
"admin","7637-M","5.0000","1",""
"admin","7637-L","5.0000","1",""
"admin","7637-XL","5.0000","1",""
"admin","7640","0.0000","1",""
"admin","7640","","",""
"admin","7640-S","41.0000","1",""
"admin","7640-M","3.0000","1",""
"admin","7640-L","9.0000","1",""
"admin","171","0.0000","1",""
"admin","171","","",""
"admin","201","0.0000","1",""
"admin","201","","",""
"admin","201-S","4.0000","1",""
"admin","206","0.0000","1",""
"admin","206","","",""
"admin","206-S","5.0000","1",""
"admin","206-L","0.0000","0",""
"admin","1004","0.0000","1",""
"admin","1004","","",""
"admin","1004","","",""
"admin","1004-4","10.0000","1",""
"admin","1004-6","10.0000","1",""
"admin","1004-8","10.0000","1",""
"admin","1004-10","10.0000","1",""
"admin","1003","0.0000","1",""
"admin","1003","","",""
"admin","1003","","",""
"admin","1003","","",""
"admin","1003","","",""
"admin","1003","","",""
"admin","1003-4","10.0000","1",""
"admin","1003-6","10.0000","1",""
"admin","1003-8","11.0000","1",""
"admin","1003-10","10.0000","1",""
"admin","1007","0.0000","1",""
"admin","1007","","",""
"admin","1007","","",""
"admin","1007","","",""
"admin","1007","","",""
"admin","1007-4","10.0000","1",""
"admin","1007-6","10.0000","1",""
"admin","1007-8","10.0000","1",""
"admin","1007-10","10.0000","1",""
"admin","1001","0.0000","1",""
"admin","1001","","",""
"admin","1001","","",""
"admin","1001-4","10.0000","1",""
"admin","1001-6","10.0000","1",""
"admin","1001-8","10.0000","1",""
"admin","1001-10","10.0000","1",""
"admin","1002","0.0000","1",""
"admin","1002","","",""
"admin","1002","","",""
"admin","1002","","",""
"admin","1002-4","10.0000","1",""
"admin","1002-6","10.0000","1",""
"admin","1002-8","10.0000","1",""
"admin","1002-10","10.0000","1",""
"admin","1005","0.0000","1",""
"admin","1005","","",""
"admin","1005","","",""
"admin","1005-4","10.0000","1",""
"admin","1005-6","10.0000","1",""
"admin","1005-8","9.0000","1",""
"admin","1005-10","10.0000","1",""
"admin","1006","0.0000","1",""
"admin","1006","","",""
"admin","1006","","",""
"admin","1006","","",""
"admin","1006","","",""
"admin","1006","","",""
"admin","1006-4","10.0000","1",""
"admin","1006-6","10.0000","1",""
"admin","1006-8","10.0000","1",""
"admin","1006-10","10.0000","1",""
"admin","7661","0.0000","1",""
"admin","7661","","",""
"admin","7661-S","28.0000","1",""
"admin","7661-M","29.0000","1",""
"admin","7661-L","30.0000","1",""
"admin","7660","0.0000","1",""
"admin","7660","","",""
"admin","7660","","",""
"admin","7660","","",""
"admin","7660","","",""
"admin","7660","","",""
"admin","7660","","",""
"admin","7660","","",""
"admin","7660","","",""
"admin","7660","","",""
"admin","7660","","",""
"admin","7660-Blanco-S","3.0000","1","Blanco"
"admin","7660-Blanco-M","2.0000","1","Blanco"
"admin","7660-Blanco-L","4.0000","1","Blanco"
"admin","T004","0.0000","1",""
"admin","T004","","",""
"admin","T004","","",""
"admin","T004","","",""
"admin","T004","","",""
"admin","T004","","",""
"admin","T004-Verde-S","15.0000","1","Verde"
"admin","T004-Coral-S","4.0000","1","Coral"
"admin","T004-Coral-M","0.0000","0","Coral"
"admin","T004-Coral-L","0.0000","0","Coral"
"admin","T004-Verde-M","0.0000","0","Verde"
"admin","T004-Verde-L","15.0000","1","Verde"
"admin","7660-Negro-S","4.0000","1","Negro"
"admin","7660-Negro-M","3.0000","1","Negro"
"admin","7660-Negro-L","5.0000","1","Negro"
"admin","T003","0.0000","1",""
"admin","T003","","",""
"admin","T003","","",""
"admin","T003","","",""
"admin","T003","","",""
"admin","T003","","",""
"admin","T003-Blanco-S","5.0000","1","Blanco"
"admin","T003-Blanco-M","5.0000","1","Blanco"
"admin","T003-Blanco-L","5.0000","1","Blanco"
"admin","T003-Negro-S","5.0000","1","Negro"
"admin","T003-Negro-M","5.0000","1","Negro"
"admin","T003-Negro-L","5.0000","1","Negro"
"admin","P003","0.0000","1",""
"admin","P003","","",""
"admin","P003","","",""
"admin","P003","","",""
"admin","P003","","",""
"admin","P003-Blanco-S","3.0000","1","Blanco"
"admin","P003-Blanco-M","5.0000","1","Blanco"
"admin","P003-Blanco-L","5.0000","1","Blanco"
"admin","P003-Negro-S","5.0000","1","Negro"
"admin","P003-Negro-M","5.0000","1","Negro"
"admin","P003-Negro-L","5.0000","1","Negro"
"admin","H004","0.0000","1",""
"admin","H004","","",""
"admin","H004-Verde-S","7.0000","1","Verde"
"admin","H004-Verde-M","5.0000","1","Verde"
"admin","H004-Verde-L","7.0000","1","Verde"
"admin","H004-Coral-S","2.0000","1","Coral"
"admin","H004-Coral-M","4.0000","1","Coral"
"admin","H004-Coral-L","5.0000","1","Coral"
"admin","T005","0.0000","1",""
"admin","T005","","",""
"admin","T005","","",""
"admin","T005","","",""
"admin","T005","","",""
"admin","T005","","",""
"admin","T005","","",""
"admin","T005","","",""
"admin","T005","","",""
"admin","T005","","",""
"admin","T005","","",""
"admin","T005","","",""
"admin","T005","","",""
"admin","T005","","",""
"admin","T005-Marfil-S","30.0000","1","Marfil"
"admin","T005-Marfil-M","29.0000","1","Marfil"
"admin","T005-Marfil-L","30.0000","1","Marfil"
"admin","T005-Negro-S","29.0000","1","Negro"
"admin","T005-Negro-M","30.0000","1","Negro"
"admin","T005-Negro-L","30.0000","1","Negro"
"admin","T005-Verde-S","30.0000","1","Verde"
"admin","T005-Verde-M","30.0000","1","Verde"
"admin","T005-Verde-L","30.0000","1","Verde"
"admin","T005-Rosado-S","30.0000","1","Rosado"
"admin","T005-Rosado-M","30.0000","1","Rosado"
"admin","T005-Rosado-L","30.0000","1","Rosado"
"admin","7642-S","30.0000","1",""
"admin","7642-M","30.0000","1",""
"admin","7642-L","30.0000","1",""
"admin","H005","0.0000","1",""
"admin","H005","","",""
"admin","H005","","",""
"admin","H005","","",""
"admin","H005","","",""
"admin","H005","","",""
"admin","H005","","",""
"admin","H005","","",""
"admin","H005","","",""
"admin","H005","","",""
"admin","H005","","",""
"admin","H005","","",""
"admin","H005","","",""
"admin","H005","","",""
"admin","H005-Negro-S","29.0000","1","Negro"
"admin","H005-Negro-M","30.0000","1","Negro"
"admin","H005-Negro-L","30.0000","1","Negro"
"admin","H005-Marfil-S","30.0000","1","Marfil"
"admin","H005-Marfil-M","29.0000","1","Marfil"
"admin","H005-Marfil-L","30.0000","1","Marfil"
"admin","H005-Rosado-S","30.0000","1","Rosado"
"admin","H005-Rosado-M","30.0000","1","Rosado"
"admin","H005-Rosado-L","30.0000","1","Rosado"
"admin","H005-Verde-S","30.0000","1","Verde"
"admin","H005-Verde-M","30.0000","1","Verde"
"admin","H005-Verde-L","30.0000","1","Verde"
"admin","7664","0.0000","1",""
"admin","7664","","",""
"admin","7664-4","7.0000","1",""
"admin","7664-6","5.0000","1",""
"admin","7664-8","4.0000","1",""
"admin","7664-10","5.0000","1",""
"admin","7664-12","4.0000","1",""
"admin","7650","0.0000","1",""
"admin","7650","","",""
"admin","7646","0.0000","1",""
"admin","7646-S","5.0000","1",""
"admin","7646-M","2.0000","1",""
"admin","7646-L","5.0000","1",""
"admin","7646-XL","7.0000","1",""
"admin","7656","0.0000","1",""
"admin","7656","","",""
"admin","7656-S","0.0000","0",""
"admin","7656-M","4.0000","1",""
"admin","7656-L","4.0000","1",""
"admin","7656-XL","5.0000","1",""
"admin","7651","0.0000","1",""
"admin","7651","","",""
"admin","7651-S","10.0000","1",""
"admin","7651-M","12.0000","1",""
"admin","7651-L","9.0000","1",""
"admin","7650-S","5.0000","1",""
"admin","7650-M","5.0000","1",""
"admin","7650-L","5.0000","1",""
"admin","7650-XL","5.0000","1",""
"admin","7663","0.0000","1",""
"admin","7663-S","0.0000","0",""
"admin","7663-M","0.0000","0",""
"admin","7663-L","2.0000","1",""
"admin","7652","0.0000","1",""
"admin","7652","","",""
"admin","7652-S","3.0000","1",""
"admin","7652-M","2.0000","1",""
"admin","7652-L","2.0000","1",""
"admin","7652-XL","5.0000","1",""
"admin","7648","0.0000","1",""
"admin","7648-S","4.0000","1",""
"admin","7648-M","3.0000","1",""
"admin","7648-L","4.0000","1",""
"admin","7648-XL","9.0000","1",""
"admin","7665","0.0000","1",""
"admin","7665","","",""
"admin","7665-S","2.0000","1",""
"admin","7665-M","4.0000","1",""
"admin","7665-L","5.0000","1",""
"admin","7665-XL","5.0000","1",""
"admin","7658","0.0000","1",""
"admin","7658","","",""
"admin","7658-S","3.0000","1",""
"admin","7658-M","3.0000","1",""
"admin","7658-L","4.0000","0",""
"admin","7658-XL","1.0000","1",""
"admin","7649","0.0000","1",""
"admin","7649","","",""
"admin","7649-S","5.0000","1",""
"admin","7649-M","5.0000","1",""
"admin","7649-L","5.0000","1",""
"admin","7649-XL","2.0000","1",""
"admin","7662","0.0000","1",""
"admin","7662","","",""
"admin","7662","","",""
"admin","7662-S","4.0000","1",""
"admin","7662-M","1.0000","1",""
"admin","7662-L","1.0000","1",""
"admin","7662-XL","4.0000","1",""
"admin","7654","0.0000","1",""
"admin","7654","","",""
"admin","7654-S","2.0000","1",""
"admin","7654-M","0.0000","0",""
"admin","7654-L","4.0000","1",""
"admin","7654-XL","6.0000","1",""
"admin","7645","0.0000","1",""
"admin","7645","","",""
"admin","7645","","",""
"admin","7645","","",""
"admin","7645-S","5.0000","1",""
"admin","7645-M","5.0000","1",""
"admin","7645-L","5.0000","1",""
"admin","7645-XL","2.0000","1",""
"admin","7647","0.0000","1",""
"admin","7647","","",""
"admin","7647-S","3.0000","1",""
"admin","7647-M","10.0000","1",""
"admin","7647-L","10.0000","1",""
"admin","7647-XL","6.0000","1",""
"admin","7657","0.0000","1",""
"admin","7657","","",""
"admin","7657-S","3.0000","1",""
"admin","7657-M","3.0000","1",""
"admin","7657-L","6.0000","1",""
"admin","7657-XL","3.0000","1",""
"admin","7653","0.0000","1",""
"admin","7653","","",""
"admin","7653-S","4.0000","1",""
"admin","7653-M","2.0000","1",""
"admin","7653-L","5.0000","1",""
"admin","7653-XL","3.0000","1",""
"admin","7636","0.0000","1",""
"admin","7636","","",""
"admin","7636-S","19.0000","1",""
"admin","7636-M","5.0000","1",""
"admin","7636-L","10.0000","1",""
"admin","7636-XL","4.0000","1",""
"admin","7659","0.0000","1",""
"admin","7659-S","1.0000","1",""
"admin","7659-M","0.0000","0",""
"admin","7659-L","5.0000","1",""
"admin","7659-XL","2.0000","1",""
"admin","H002","0.0000","1",""
"admin","H002","","",""
"admin","H002","","",""
"admin","H002","","",""
"admin","H002","","",""
"admin","H002","","",""
"admin","H002","","",""
"admin","H002","","",""
"admin","H002-Blanco-S","4.0000","1","Blanco"
"admin","H002-Blanco-M","2.0000","1","Blanco"
"admin","H002-Blanco-L","5.0000","1","Blanco"
"admin","H002-Blanco-XL","30.0000","1","Blanco"
"admin","H002-Negro-S","5.0000","1","Negro"
"admin","H002-Negro-M","5.0000","1","Negro"
"admin","H002-Negro-L","5.0000","1","Negro"
"admin","H002-Coral-S","3.0000","1","Coral"
"admin","H002-Coral-M","2.0000","1","Coral"
"admin","H002-Coral-L","30.0000","1","Coral"
"admin","H002-Rosado-S","30.0000","1","Rosado"
"admin","H002-Rosado-M","30.0000","1","Rosado"
"admin","H002-Rosado-L","5.0000","1","Rosado"
"admin","H002-Piel-S","5.0000","1","Piel"
"admin","H002-Piel-M","5.0000","1","Piel"
"admin","H002-Piel-L","5.0000","1","Piel"
"admin","P001","0.0000","1",""
"admin","P001","","",""
"admin","P001","","",""
"admin","P001","","",""
"admin","P001","","",""
"admin","P001","","",""
"admin","P001","","",""
"admin","P001","","",""
"admin","P001","","",""
"admin","P001","","",""
"admin","P001","","",""
"admin","P001-Blanco-S","4.0000","1","Blanco"
"admin","P001-Blanco-M","2.0000","1","Blanco"
"admin","P001-Blanco-L","5.0000","1","Blanco"
"admin","P001-Negro-S","4.0000","1","Negro"
"admin","P001-Negro-M","5.0000","1","Negro"
"admin","P001-Negro-L","5.0000","1","Negro"
"admin","P001-Coral-S","1.0000","1","Coral"
"admin","P001-Coral-M","5.0000","1","Coral"
"admin","P001-Coral-L","5.0000","1","Coral"
"admin","P001-Rosado-S","5.0000","1","Rosado"
"admin","P001-Rosado-M","4.0000","1","Rosado"
"admin","P001-Rosado-L","5.0000","1","Rosado"
"admin","P001-Piel-S","4.0000","1","Piel"
"admin","P001-Piel-M","5.0000","1","Piel"
"admin","P001-Piel-L","5.0000","1","Piel"
"admin","C001","0.0000","1",""
"admin","C001","","",""
"admin","C001","","",""
"admin","C001","","",""
"admin","C001","","",""
"admin","C001","","",""
"admin","C001","","",""
"admin","C001","","",""
"admin","C001","","",""
"admin","C001","","",""
"admin","C001","","",""
"admin","C001","","",""
"admin","C001","","",""
"admin","C001","","",""
"admin","C001-Blanco-S","305.0000","1","Blanco"
"admin","C001-Blanco-M","5.0000","1","Blanco"
"admin","C001-Blanco-L","5.0000","1","Blanco"
"admin","C001-Negro-S","5.0000","1","Negro"
"admin","C001-Negro-M","2.0000","1","Negro"
"admin","C001-Negro-L","5.0000","1","Negro"
"admin","C001-Coral-S","5.0000","1","Coral"
"admin","C001-Coral-M","5.0000","1","Coral"
"admin","C001-Coral-L","3.0000","1","Coral"
"admin","C001-Rosado-S","5.0000","1","Rosado"
"admin","C001-Rosado-M","5.0000","1","Rosado"
"admin","C001-Rosado-L","5.0000","1","Rosado"
"admin","C001-Piel-S","5.0000","1","Piel"
"admin","C001-Piel-M","5.0000","1","Piel"
"admin","C001-Piel-L","4.0000","1","Piel"
"admin","T001","0.0000","1",""
"admin","T001","","",""
"admin","T001","","",""
"admin","T001","","",""
"admin","T001","","",""
"admin","T001","","",""
"admin","T001","","",""
"admin","T001","","",""
"admin","T001","","",""
"admin","T001","","",""
"admin","T001","","",""
"admin","T001","","",""
"admin","T001","","",""
"admin","T001-Blanco-S","5.0000","1","Blanco"
"admin","T001-Blanco-M","5.0000","1","Blanco"
"admin","T001-Blanco-L","5.0000","1","Blanco"
"admin","T001-Negro-S","5.0000","1","Negro"
"admin","T001-Negro-M","5.0000","1","Negro"
"admin","T001-Negro-L","5.0000","1","Negro"
"admin","T001-Coral-S","5.0000","1","Coral"
"admin","T001-Coral-M","5.0000","1","Coral"
"admin","T001-Coral-L","5.0000","1","Coral"
"admin","T001-Rosado-S","5.0000","1","Rosado"
"admin","T001-Rosado-M","5.0000","1","Rosado"
"admin","T001-Rosado-L","5.0000","1","Rosado"
"admin","T001-Piel-S","5.0000","1","Piel"
"admin","T001-Piel-M","5.0000","1","Piel"
"admin","T001-Piel-L","5.0000","1","Piel"
"admin","T002","0.0000","1",""
"admin","T002","","",""
"admin","T002","","",""
"admin","T002","","",""
"admin","T002","","",""
"admin","T002","","",""
"admin","T002","","",""
"admin","T002","","",""
"admin","T002","","",""
"admin","T002","","",""
"admin","T002","","",""
"admin","T002","","",""
"admin","T002-Blanco-S","5.0000","1","Blanco"
"admin","T002-Blanco-M","5.0000","1","Blanco"
"admin","T002-Blanco-L","5.0000","1","Blanco"
"admin","T002-Negro-S","5.0000","1","Negro"
"admin","T002-Negro-M","2.0000","1","Negro"
"admin","T002-Negro-L","5.0000","1","Negro"
"admin","T002-Coral-S","5.0000","1","Coral"
"admin","T002-Coral-L","3.0000","1","Coral"
"admin","T002-Coral-M","2.0000","1","Coral"
"admin","T002-Rosado-S","5.0000","1","Rosado"
"admin","T002-Rosado-M","5.0000","1","Rosado"
"admin","T002-Rosado-L","5.0000","1","Rosado"
"admin","T002-Piel-S","5.0000","1","Piel"
"admin","T002-Piel-M","2.0000","1","Piel"
"admin","T002-Piel-L","1.0000","1","Piel"
"admin","0218","0.0000","1",""
"admin","0218","","",""
"admin","0218","","",""
"admin","0218","","",""
"admin","0218","","",""
"admin","0218","","",""
"admin","0218-S","5.0000","1",""
"admin","0218-M","5.0000","1",""
"admin","0218-L","4.0000","1",""
"admin","0218-XL","3.0000","1",""
"admin","0217","0.0000","1",""
"admin","0217-S","5.0000","1",""
"admin","0217-M","5.0000","1",""
"admin","0217-L","5.0000","1",""
"admin","0217-XL","5.0000","1",""
"admin","0220","0.0000","1",""
"admin","0220","","",""
"admin","0220","","",""
"admin","0220-S","4.0000","1",""
"admin","0220-M","5.0000","1",""
"admin","0220-L","5.0000","1",""
"admin","0220-XL","5.0000","1",""
"admin","0221","0.0000","1",""
"admin","0221","","",""
"admin","0221-S","5.0000","1",""
"admin","0221-M","5.0000","1",""
"admin","0221-L","5.0000","1",""
"admin","0221-XL","5.0000","1",""
"admin","0222","0.0000","1",""
"admin","0222","","",""
"admin","0222","","",""
"admin","0222","","",""
"admin","0222","","",""
"admin","0222-S","5.0000","1",""
"admin","0222-M","4.0000","1",""
"admin","0222-L","5.0000","1",""
"admin","0222-XL","5.0000","1",""
"admin","0219","0.0000","1",""
"admin","0219","","",""
"admin","0219-S","4.0000","1",""
"admin","0219-M","5.0000","1",""
"admin","0219-L","5.0000","1",""
"admin","0219-XL","15.0000","1",""
"admin","0224","0.0000","1",""
"admin","0224","","",""
"admin","0224","","",""
"admin","0224","","",""
"admin","0224-Rosa Estampado-S","5.0000","1","Rosa Estampado"
"admin","0224-Rosa Estampado-M","30.0000","1","Rosa Estampado"
"admin","0224-Rosa Estampado-L","5.0000","1","Rosa Estampado"
"admin","0224-Negro-S","10.0000","1","Negro"
"admin","0224-Negro-M","8.0000","1","Negro"
"admin","0224-Negro-L","9.0000","1","Negro"
"admin","0226","0.0000","1",""
"admin","0226","","",""
"admin","0226","","",""
"admin","0226","","",""
"admin","0226","","",""
"admin","0226","","",""
"admin","0226","","",""
"admin","0226","","",""
"admin","0226-Verde Limon-S","5.0000","1","Verde Limon"
"admin","0226-Verde Limon-M","5.0000","1","Verde Limon"
"admin","0226-Verde Limon-L","2.0000","1","Verde Limon"
"admin","0226-Rosado-S","5.0000","1","Rosado"
"admin","0226-Rosado-M","5.0000","1","Rosado"
"admin","0226-Rosado-L","5.0000","1","Rosado"
"admin","0226-Negro-S","5.0000","1","Negro"
"admin","0226-Negro-M","5.0000","1","Negro"
"admin","0226-Negro-L","5.0000","1","Negro"
"admin","0229","0.0000","1",""
"admin","0229","","",""
"admin","0229","","",""
"admin","0229","","",""
"admin","0229","","",""
"admin","0229","","",""
"admin","0229","","",""
"admin","0229","","",""
"admin","0229-Verde Limon-S","5.0000","1","Verde Limon"
"admin","0229-Verde Limon-M","30.0000","1","Verde Limon"
"admin","0229-Verde Limon-L","5.0000","1","Verde Limon"
"admin","0229-Rosado-S","5.0000","1","Rosado"
"admin","0229-Rosado-M","5.0000","1","Rosado"
"admin","0229-Rosado-L","5.0000","1","Rosado"
"admin","0229-Negro-S","5.0000","1","Negro"
"admin","0229-Negro-M","5.0000","1","Negro"
"admin","0229-Negro-L","5.0000","1","Negro"
"admin","0227","0.0000","1",""
"admin","0227","","",""
"admin","0227","","",""
"admin","0227","","",""
"admin","0227","","",""
"admin","0227","","",""
"admin","0227","","",""
"admin","0227","","",""
"admin","0227-Verde Limon-S","5.0000","1","Verde Limon"
"admin","0227-Verde Limon-M","5.0000","1","Verde Limon"
"admin","0227-Verde Limon-L","5.0000","1","Verde Limon"
"admin","0227-Rosado-S","5.0000","1","Rosado"
"admin","0227-Rosado-M","5.0000","1","Rosado"
"admin","0227-Rosado-L","5.0000","1","Rosado"
"admin","0227-Negro-S","5.0000","1","Negro"
"admin","0227-Negro-M","5.0000","1","Negro"
"admin","0227-Negro-L","5.0000","1","Negro"
"admin","0231","0.0000","1",""
"admin","0231","","",""
"admin","0231-Verde Limon-S","5.0000","1","Verde Limon"
"admin","0231-Verde Limon-M","5.0000","1","Verde Limon"
"admin","0231-Verde Limon-L","4.0000","1","Verde Limon"
"admin","0225","0.0000","1",""
"admin","0225","","",""
"admin","0225","","",""
"admin","0225","","",""
"admin","0225","","",""
"admin","0225-Verde Limon-S","5.0000","1","Verde Limon"
"admin","0225-Verde Limon-M","5.0000","1","Verde Limon"
"admin","0225-Verde Limon-L","4.0000","1","Verde Limon"
"admin","0225-Rosado-S","5.0000","1","Rosado"
"admin","0225-Rosado-M","5.0000","1","Rosado"
"admin","0225-Rosado-L","5.0000","1","Rosado"
"admin","0225-Negro-S","5.0000","1","Negro"
"admin","0225-Negro-M","5.0000","1","Negro"
"admin","0225-Negro-L","21.0000","1","Negro"
"admin","0230","0.0000","1",""
"admin","0230-S","30.0000","1",""
"admin","0230-M","30.0000","1",""
"admin","0230-L","5.0000","1",""
"admin","0228","0.0000","1",""
"admin","0228","","",""
"admin","0228","","",""
"admin","0228","","",""
"admin","0228","","",""
"admin","0228-Verde Limon-S","5.0000","1","Verde Limon"
"admin","0228-Verde Limon-M","5.0000","1","Verde Limon"
"admin","0228-Verde Limon-L","5.0000","1","Verde Limon"
"admin","0228-Negro-S","5.0000","1","Negro"
"admin","0228-Negro-M","5.0000","1","Negro"
"admin","0228-Negro-L","5.0000","1","Negro"
"admin","7666","0.0000","1",""
"admin","7666","","",""
"admin","7666","","",""
"admin","7666","","",""
"admin","7666","","",""
"admin","7666","","",""
"admin","7666","","",""
"admin","7666","","",""
"admin","7666-Blanco-S","3.0000","1","Blanco"
"admin","7666-Blanco-M","5.0000","1","Blanco"
"admin","7666-Blanco-L","5.0000","1","Blanco"
"admin","7666-Negro-S","5.0000","1","Negro"
"admin","7666-Negro-M","5.0000","1","Negro"
"admin","7666-Negro-L","5.0000","1","Negro"
"admin","B011","0.0000","1",""
"admin","B011","","",""
"admin","B011","","",""
"admin","B011","","",""
"admin","B011","","",""
"admin","B011","","",""
"admin","B011","","",""
"admin","B011","","",""
"admin","B011-Blanco-32","29.0000","1","Blanco"
"admin","B011-Blanco-34","30.0000","1","Blanco"
"admin","B011-Blanco-36","29.0000","1","Blanco"
"admin","B011-Rosado-32","30.0000","1","Rosado"
"admin","B011-Rosado-34","30.0000","1","Rosado"
"admin","B011-Rosado-36","30.0000","1","Rosado"
"admin","B011-Negro-32","30.0000","1","Negro"
"admin","B011-Negro-34","30.0000","1","Negro"
"admin","B011-Negro-36","30.0000","1","Negro"
"admin","H011","0.0000","1",""
"admin","H011","","",""
"admin","H011","","",""
"admin","H011","","",""
"admin","H011","","",""
"admin","H011","","",""
"admin","H011","","",""
"admin","H011-Blanco-S","28.0000","1","Blanco"
"admin","H011-Blanco-M","30.0000","1","Blanco"
"admin","H011-Blanco-L","30.0000","1","Blanco"
"admin","H011-Rosado-S","30.0000","1","Rosado"
"admin","H011-Rosado-M","30.0000","1","Rosado"
"admin","H011-Rosado-L","30.0000","1","Rosado"
"admin","H011-Negro-S","30.0000","1","Negro"
"admin","H011-Negro-M","29.0000","1","Negro"
"admin","H011-Negro-L","30.0000","1","Negro"
"admin","T005--Blanco-S","30.0000","1","Blanco"
"admin","T005--Blanco-M","30.0000","1","Blanco"
"admin","T005--Blanco-L","30.0000","1","Blanco"
"admin","T005--Rosado-S","30.0000","1","Rosado"
"admin","T005--Rosado-M","30.0000","1","Rosado"
"admin","T005--Rosado-L","30.0000","1","Rosado"
"admin","T005-Blanco-S","30.0000","1","Blanco"
"admin","T005-Blanco-M","29.0000","1","Blanco"
"admin","T005-Blanco-L","29.0000","1","Blanco"
"admin","H005-Blanco-S","29.0000","1","Blanco"
"admin","H005-Blanco-M","28.0000","1","Blanco"
"admin","H005-Blanco-L","30.0000","1","Blanco"
"admin","B002","0.0000","1",""
"admin","B002","","",""
"admin","B002","","",""
"admin","B002","","",""
"admin","B002-Negro-32","30.0000","1","Negro"
"admin","B002-Negro-34","30.0000","1","Negro"
"admin","B002-Negro-36","30.0000","1","Negro"
"admin","B002-Rosado-32","30.0000","1","Rosado"
"admin","B002-Rosado-34","30.0000","1","Rosado"
"admin","B002-Rosado-36","30.0000","1","Rosado"
"admin","7642","0.0000","1",""
"admin","7642","","",""
"admin","7642","","",""
"admin","7642","","",""
"admin","7642-Negro-S","10.0000","1","Negro"
"admin","7642-Negro-M","10.0000","1","Negro"
"admin","7642-Negro-L","10.0000","1","Negro"
"admin","7642-Negro-XL","10.0000","1","Negro"
"admin","7642-Rosado-S","10.0000","1","Rosado"
"admin","7642-Rosado-M","10.0000","1","Rosado"
"admin","7642-Rosado-L","10.0000","1","Rosado"
"admin","7642-Rosado-XL","10.0000","1","Rosado"
"admin","7685","0.0000","1",""
"admin","7685","","",""
"admin","7685-S"," -9.0000","1",""
"admin","7685-M","10.0000","1",""
"admin","7685-L","10.0000","1",""
"admin","7685-XL","10.0000","1",""
"admin","0096","10.0000","1",""
"admin","0097","30.0000","1",""
"admin","0077","30.0000","1",""
"admin","0077","","",""
"admin","0088","30.0000","1",""
"admin","0088","","",""
"admin","0093","30.0000","1",""
"admin","0095","30.0000","1",""
"admin","0094","30.0000","1",""
"admin","0238-Púrpura Estampado-S","10.0000","1","Púrpura Estampado"
"admin","0238-Púrpura Estampado-M","5.0000","1","Púrpura Estampado"
"admin","0238-Púrpura Estampado-L","5.0000","1","Púrpura Estampado"
"admin","7631-M","2.0000","1",""
"admin","7631-S","4.0000","1",""
"admin","7631-XL","3.0000","1",""
"admin","7627-XL","5.0000","1",""
"admin","7625-XL","5.0000","1",""
"admin","7626-XL","5.0000","1",""
"admin","8345C-S","5.0000","1",""
"admin","8345C-M","5.0000","1",""
"admin","8345C-L","4.0000","1",""
"admin","8345B-S","4.0000","1",""
"admin","8345B-M","3.0000","1",""
"admin","8345B-L","5.0000","1",""
"admin","8345","0.0000","1",""
"admin","8345","","",""
"admin","8345A-S","96.0000","1",""
"admin","8345A-M","79.0000","1",""
"admin","8345A-L","93.0000","1",""
"admin","8342D-S","5.0000","1",""
"admin","8342A-S","5.0000","1",""
"admin","8342G-M","3.0000","1",""
"admin","8342F-S","5.0000","1",""
"admin","8342F-M","5.0000","1",""
"admin","8342F-L","2.0000","1",""
"admin","8342E-S","10.0000","1",""
"admin","8342E-M","10.0000","1",""
"admin","8342E-L","8.0000","1",""
"admin","8342","0.0000","1",""
"admin","8342","","",""
"admin","8342","","",""
"admin","8342","","",""
"admin","8342","","",""
"admin","8342","","",""
"admin","8342-S","26.0000","1",""
"admin","8342-M","21.0000","1",""
"admin","8342-L","6.0000","1",""
"admin","171-S","6.0000","1",""
"admin","171-M","3.0000","1",""
"admin","171-L","0.0000","0",""
"admin","171-XL","2.0000","1",""
"admin","7630","0.0000","1",""
"admin","7630-L","2.0000","1",""
"admin","8367","0.0000","1",""
"admin","8367","","",""
"admin","8367","","",""
"admin","8367-Azul-S","4.0000","1","Azul"
"admin","8367-Negro-S","4.0000","1","Negro"
"admin","8367-Negro-L","2.0000","1","Negro"
"admin","7643","0.0000","1",""
"admin","7643-4","5.0000","1",""
"admin","7643-6","5.0000","1",""
"admin","7698","0.0000","1",""
"admin","7698","","",""
"admin","7698","","",""
"admin","7698-Coral-S","2.0000","1","Coral"
"admin","7698-Coral-L","2.0000","1","Coral"
"admin","7698-Coral-XL","2.0000","1","Coral"
"admin","7698-Verde-S","2.0000","1","Verde"
"admin","7698-Verde-L","2.0000","1","Verde"
"admin","7698-Verde-XL","2.0000","1","Verde"
"admin","7608","0.0000","1",""
"admin","7608","","",""
"admin","7608","","",""
"admin","7608-Verde-S","5.0000","1","Verde"
"admin","7608-Verde-L","4.0000","1","Verde"
"admin","7608-Verde-XL","2.0000","1","Verde"
"admin","7608-Coral-S","4.0000","1","Coral"
"admin","7608-Coral-L","4.0000","1","Coral"
"admin","7608-Coral-XL","2.0000","1","Coral"
"admin","8369","0.0000","1",""
"admin","8369-S","4.0000","1",""
"admin","8369-M","1.0000","1",""
"admin","8369-L","4.0000","1",""
"admin","7623","0.0000","1",""
"admin","7623-XL","5.0000","1",""
"admin","8373","0.0000","1",""
"admin","8373-S","8.0000","1",""
"admin","8373-M","1.0000","1",""
"admin","8373-L","3.0000","1",""
"admin","8370","0.0000","1",""
"admin","8370-S","5.0000","1",""
"admin","8370-M","4.0000","1",""
"admin","8370-L","5.0000","1",""
"admin","8322","0.0000","1",""
"admin","8322","","",""
"admin","8322","","",""
"admin","8322","","",""
"admin","8322-S","10.0000","1",""
"admin","8322-M","9.0000","1",""
"admin","8322-L","10.0000","1",""
"admin","7639","0.0000","1",""
"admin","7639-S","2.0000","1",""
"admin","7639-L","4.0000","1",""
"admin","7639-XL","8.0000","1",""
"admin","8368","0.0000","1",""
"admin","8368-S","5.0000","1",""
"admin","8368-M","5.0000","1",""
"admin","8368-L","5.0000","1",""
"admin","7635","0.0000","1",""
"admin","7635-S","5.0000","1",""
"admin","7635-L","2.0000","1",""
"admin","8376","0.0000","1",""
"admin","8376-S","5.0000","1",""
"admin","8376-M","5.0000","1",""
"admin","8376-L","5.0000","1",""
"admin","8371","0.0000","1",""
"admin","8371-S","4.0000","1",""
"admin","8371-M","5.0000","1",""
"admin","8371-L","5.0000","1",""
"admin","204","0.0000","1",""
"admin","204-L","0.0000","0",""
"admin","208","0.0000","1",""
"admin","208-XL","0.0000","0",""
"admin","203","0.0000","1",""
"admin","203-XL","9.0000","1",""
"admin","202","0.0000","1",""
"admin","202-XL","5.0000","1",""
"admin","210","0.0000","1",""
"admin","210-S","2.0000","1",""
"admin","210-M","0.0000","0",""
"admin","210-L","25.0000","1",""
"admin","213","0.0000","1",""
"admin","213-S","2.0000","1",""
"admin","213-L","2.0000","1",""
"admin","0081","3.0000","1",""
"admin","0080","2.0000","1",""
"admin","8375","0.0000","1",""
"admin","8375-S","3.0000","1",""
"admin","8375-M","5.0000","1",""
"admin","8375-L","3.0000","1",""
"admin","8377","0.0000","1",""
"admin","8377-S","10.0000","1",""
"admin","8377-M","9.0000","1",""
"admin","8377-L","10.0000","1",""
"admin","8377-XL","0.0000","0",""
"admin","8372","0.0000","1",""
"admin","8372-L","2.0000","1",""
"admin","8378","0.0000","1",""
"admin","8378-S","21.0000","1",""
"admin","8378-M","4.0000","1",""
"admin","8378-L","35.0000","1",""
"admin","8378-XL","0.0000","0",""
"admin","8380","0.0000","1",""
"admin","8380-S","5.0000","1",""
"admin","8380-M","5.0000","1",""
"admin","8380-L","5.0000","1",""
"admin","8380-XL","5.0000","1",""
"admin","8336","0.0000","1",""
"admin","8336-M","4.0000","1",""
"admin","8379","0.0000","1",""
"admin","8379","","",""
"admin","8379-Azul-S","1.0000","1","Azul"
"admin","8379-Azul-M","1.0000","1","Azul"
"admin","8379-Azul-L","2.0000","1","Azul"
"admin","8379-Azul-XL","0.0000","0","Azul"
"admin","8379-Rosado-S","5.0000","1","Rosado"
"admin","8379-Rosado-M","5.0000","1","Rosado"
"admin","8379-Rosado-L","5.0000","1","Rosado"
"admin","8379-Rosado-XL","5.0000","1","Rosado"
"admin","8381","0.0000","1",""
"admin","8381-S","9.0000","1",""
"admin","8381-M","3.0000","1",""
"admin","8381-L","11.0000","1",""
"admin","8356","0.0000","1",""
"admin","8356-S","2.0000","1",""
"admin","8356-M","1.0000","1",""
"admin","8356-L","5.0000","1",""
"admin","8362","0.0000","1",""
"admin","8362-S","0.0000","0",""
"admin","8362-M","4.0000","1",""
"admin","8362-L","0.0000","0",""
"admin","196","0.0000","1",""
"admin","196","","",""
"admin","196","","",""
"admin","196","","",""
"admin","196-Verde-S","2.0000","1","Verde"
"admin","196-Verde-M","2.0000","1","Verde"
"admin","196-Verde-L","57.0000","1","Verde"
"admin","196-Coral-S","2.0000","1","Coral"
"admin","196-Coral-M","2.0000","1","Coral"
"admin","196-Coral-L","16.0000","1","Coral"
"admin","7661-XL","9.0000","1",""
"admin","209","0.0000","1",""
"admin","209","","",""
"admin","209-Púrpura Estampado-S","9.0000","1","Púrpura Estampado"
"admin","209-Púrpura Estampado-L","10.0000","1","Púrpura Estampado"
"admin","209-Verde-S","10.0000","1","Verde"
"admin","209-Verde-L","22.0000","1","Verde"
"admin","216","0.0000","1",""
"admin","216-L","5.0000","1",""
"admin","8352","0.0000","1",""
"admin","8352","","",""
"admin","8352-32","48.0000","1",""
"admin","8352-34","10.0000","1",""
"admin","8352-36","2.0000","1",""
"admin","7641","0.0000","1",""
"admin","7641-S","2.0000","1",""
"admin","7641-M","8.0000","1",""
"admin","8384","0.0000","1",""
"admin","8384-S","36.0000","1",""
"admin","8384-M","56.0000","1",""
"admin","8384-L","3.0000","1",""
"admin","8386","0.0000","1",""
"admin","8386-S","6.0000","1",""
"admin","8386-M","0.0000","0",""
"admin","8386-L","0.0000","0",""
"admin","8385","0.0000","1",""
"admin","8385-S","2.0000","1",""
"admin","8385-M","8.0000","1",""
"admin","8385-L","10.0000","1",""
"admin","8387","0.0000","0",""
"admin","8387-S","10.0000","1",""
"admin","8387-M","10.0000","1",""
"admin","8387-L","10.0000","1",""
"admin","8383","0.0000","1",""
"admin","8383-S","9.0000","1",""
"admin","8304","0.0000","1",""
"admin","8304-S","48.0000","1",""
"admin","8304-M","66.0000","1",""
"admin","8304-L","27.0000","1",""
"admin","","0.0000","0",""
"admin","211","0.0000","1",""
"admin","211","","",""
"admin","211","","",""
"admin","211-Púrpura-L","0.0000","0","Púrpura"
"admin","211-Negro-L","5.0000","1","Negro"
"admin","B010","0.0000","1",""
"admin","B010","","",""
"admin","B010","","",""
"admin","B010","","",""
"admin","B010-Rosado-32","10.0000","1","Rosado"
"admin","B010-Rosado-34","10.0000","1","Rosado"
"admin","B010-Rosado-36","10.0000","1","Rosado"
"admin","B010-Negro-32","10.0000","1","Negro"
"admin","B010-Negro-34","10.0000","1","Negro"
"admin","B010-Negro-36","10.0000","1","Negro"
"admin","H010","0.0000","1",""
"admin","H010","","",""
"admin","H010","","",""
"admin","H010-Rosado-S","10.0000","1","Rosado"
"admin","H010-Rosado-M","10.0000","1","Rosado"
"admin","H010-Rosado-L","10.0000","1","Rosado"
"admin","H010-Negro-S","9.0000","1","Negro"
"admin","H010-Negro-M","10.0000","1","Negro"
"admin","H010-Negro-L","10.0000","1","Negro"
"admin","P010","0.0000","1",""
"admin","P010","","",""
"admin","P010","","",""
"admin","P010 -Rosado-S","10.0000","1","Rosado"
"admin","P010 -Rosado-M","10.0000","1","Rosado"
"admin","P010 -Rosado-L","10.0000","1","Rosado"
"admin","P010 -Negro-S","10.0000","1","Negro"
"admin","P010 -Negro-M","10.0000","1","Negro"
"admin","P010 -Negro-L","10.0000","1","Negro"
"admin","C013","0.0000","1",""
"admin","C013","","",""
"admin","C013","","",""
"admin","C013","","",""
"admin","C013","","",""
"admin","C013","","",""
"admin","C013-Blanco-S","10.0000","1","Blanco"
"admin","C013-Blanco-M","10.0000","1","Blanco"
"admin","C013-Blanco-L","10.0000","1","Blanco"
"admin","C013-Blanco-XL","10.0000","1","Blanco"
"admin","C013-Negro-S","10.0000","1","Negro"
"admin","C013-Negro-M","10.0000","1","Negro"
"admin","C013-Negro-L","10.0000","1","Negro"
"admin","C013-Negro-XL","10.0000","1","Negro"
"admin","C013-Piel-S","10.0000","1","Piel"
"admin","C013-Piel-M","10.0000","1","Piel"
"admin","C013-Piel-L","10.0000","1","Piel"
"admin","C013-Piel-XL","10.0000","1","Piel"
"admin","C013-Rosado-S","10.0000","1","Rosado"
"admin","C013-Rosado-M","10.0000","1","Rosado"
"admin","C013-Rosado-L","10.0000","1","Rosado"
"admin","C013-Rosado-XL","10.0000","1","Rosado"
"admin","P013","0.0000","1",""
"admin","P013","","",""
"admin","P013","","",""
"admin","P013","","",""
"admin","P013","","",""
"admin","P013","","",""
"admin","P013-Blanco-S","10.0000","1","Blanco"
"admin","P013-Blanco-M","10.0000","1","Blanco"
"admin","P013-Blanco-L","10.0000","1","Blanco"
"admin","P013-Blanco-XL","10.0000","1","Blanco"
"admin","P013-Negro-S","10.0000","1","Negro"
"admin","P013-Negro-M","10.0000","1","Negro"
"admin","P013-Negro-L","10.0000","1","Negro"
"admin","P013-Negro-XL","10.0000","1","Negro"
"admin","P013-Piel-S","10.0000","1","Piel"
"admin","P013-Piel-M","10.0000","1","Piel"
"admin","P013-Piel-L","10.0000","1","Piel"
"admin","P013-Piel-XL","10.0000","1","Piel"
"admin","P013-Rosado-S","10.0000","1","Rosado"
"admin","P013-Rosado-M","10.0000","1","Rosado"
"admin","P013-Rosado-L","10.0000","1","Rosado"
"admin","P013-Rosado-XL","10.0000","1","Rosado"
"admin","T014","0.0000","1",""
"admin","T014","","",""
"admin","T014","","",""
"admin","T014-Azul-S","10.0000","1","Azul"
"admin","T014-Azul-M","10.0000","1","Azul"
"admin","T014-Azul-L","10.0000","1","Azul"
"admin","T014-Blanco-S","10.0000","1","Blanco"
"admin","T014-Blanco-M","10.0000","1","Blanco"
"admin","T014-Blanco-L","10.0000","1","Blanco"
"admin","H014","0.0000","1",""
"admin","H014","","",""
"admin","H014","","",""
"admin","H014-Azul-S","9.0000","1","Azul"
"admin","H014-Azul-M","10.0000","1","Azul"
"admin","H014-Azul-L","10.0000","1","Azul"
"admin","H014-Perla-S","9.0000","1","Perla"
"admin","H014-Perla-M","10.0000","1","Perla"
"admin","H014-Perla-L","10.0000","1","Perla"
"admin","T014-Perla-S","10.0000","1","Perla"
"admin","T014-Perla-M","10.0000","1","Perla"
"admin","T014-Perla-L","10.0000","1","Perla"
"admin","P014","0.0000","1",""
"admin","P014","","",""
"admin","P014","","",""
"admin","P014-Azul-S","10.0000","1","Azul"
"admin","P014-Azul-M","10.0000","1","Azul"
"admin","P014-Azul-L","10.0000","1","Azul"
"admin","P014-Perla-S","10.0000","1","Perla"
"admin","P014-Perla-M","10.0000","1","Perla"
"admin","P014-Perla-L","10.0000","1","Perla"
"admin","B012","0.0000","1",""
"admin","B012","","",""
"admin","B012","","",""
"admin","B012","","",""
"admin","B012-Azul-S","0.0000","0","Azul"
"admin","B012-Azul-M","0.0000","0","Azul"
"admin","B012-Azul-L","0.0000","0","Azul"
"admin","B012-Azul-32","10.0000","1","Azul"
"admin","B012-Azul-34","10.0000","1","Azul"
"admin","B012-Azul-36","10.0000","1","Azul"
"admin","B012-Marfil Estampado-32","10.0000","1","Marfil Estampado"
"admin","B012-Marfil Estampado-34","9.0000","1","Marfil Estampado"
"admin","B012-Marfil Estampado-36","10.0000","1","Marfil Estampado"
"admin","7683","0.0000","1",""
"admin","7683","","",""
"admin","7683","","",""
"admin","7683","","",""
"admin","7683-Rosado-S","10.0000","1","Rosado"
"admin","7683-Rosado-M","9.0000","1","Rosado"
"admin","7683-Rosado-L","10.0000","1","Rosado"
"admin","7683-Rosado-XL","10.0000","1","Rosado"
"admin","7683-Negro-S","10.0000","1","Negro"
"admin","7683-Negro-M","10.0000","1","Negro"
"admin","7683-Negro-L","10.0000","1","Negro"
"admin","7683-Negro-XL","10.0000","1","Negro"
"admin","7682","0.0000","1",""
"admin","7682","","",""
"admin","7682-Vinotinto-S","10.0000","1","Vinotinto"
"admin","7682-Vinotinto-M","10.0000","1","Vinotinto"
"admin","7682-Vinotinto-L","10.0000","1","Vinotinto"
"admin","7682-Vinotinto-XL","10.0000","1","Vinotinto"
"admin","7684","0.0000","1",""
"admin","7684","","",""
"admin","7684-Azul-S","10.0000","1","Azul"
"admin","7684-Azul-M","10.0000","1","Azul"
"admin","7684-Azul-L","10.0000","1","Azul"
"admin","7684-Azul-XL","10.0000","1","Azul"
"admin","0246","0.0000","1",""
"admin","0246","","",""
"admin","0246","","",""
"admin","0246","","",""
"admin","0246-Azul Estampado-S","10.0000","1","Azul Estampado"
"admin","0246-Azul Estampado-M","10.0000","1","Azul Estampado"
"admin","0246-Azul Estampado-L","10.0000","1","Azul Estampado"
"admin","0246-Negro-S","10.0000","1","Negro"
"admin","0246-Negro-M","10.0000","1","Negro"
"admin","0246-Negro-L","10.0000","1","Negro"
"admin","0252","0.0000","1",""
"admin","0252","","",""
"admin","0252","","",""
"admin","0252","","",""
"admin","0252","","",""
"admin","0252","","",""
"admin","0252-Azul-S","10.0000","1","Azul"
"admin","0252-Azul-M","10.0000","1","Azul"
"admin","0252-Azul-L","10.0000","1","Azul"
"admin","0252-Negro-S","9.0000","1","Negro"
"admin","0252-Negro-M","10.0000","1","Negro"
"admin","0252-Negro-L","10.0000","1","Negro"
"admin","0248","0.0000","1",""
"admin","0248","","",""
"admin","0248-Azul-S","10.0000","1","Azul"
"admin","0248-Azul-M","10.0000","1","Azul"
"admin","0248-Azul-L","10.0000","1","Azul"
"admin","0249","0.0000","1",""
"admin","0249","","",""
"admin","0249","","",""
"admin","0249-Azul-S","10.0000","1","Azul"
"admin","0249-Azul-M","8.0000","1","Azul"
"admin","0249-Azul-L","10.0000","1","Azul"
"admin","0254","0.0000","1",""
"admin","0254","","",""
"admin","0254","","",""
"admin","0254","","",""
"admin","0254","","",""
"admin","0254-Blanco-S","10.0000","1","Blanco"
"admin","0254-Blanco-M","10.0000","1","Blanco"
"admin","0254-Blanco-L","10.0000","1","Blanco"
"admin","0254-Negro-S","10.0000","1","Negro"
"admin","0254-Negro-M","10.0000","1","Negro"
"admin","0254-Negro-L","10.0000","1","Negro"
"admin","0254-Morado-S","10.0000","1","Morado"
"admin","0254-Morado-M","9.0000","1","Morado"
"admin","0254-Morado-L","10.0000","1","Morado"
"admin","0245","0.0000","1",""
"admin","0245","","",""
"admin","0245","","",""
"admin","0245","","",""
"admin","0245","","",""
"admin","0245-Negro-S","10.0000","1","Negro"
"admin","0245-Negro-M","10.0000","1","Negro"
"admin","0245-Negro-L","10.0000","1","Negro"
"admin","0245-Azul Estampado-S","10.0000","1","Azul Estampado"
"admin","0245-Azul Estampado-M","10.0000","1","Azul Estampado"
"admin","0245-Azul Estampado-L","10.0000","1","Azul Estampado"
"admin","0245-Morado estampado-S","10.0000","1","Morado estampado"
"admin","0245-Morado estampado-M","9.0000","1","Morado estampado"
"admin","0245-Morado estampado-L","10.0000","1","Morado estampado"
"admin","0250","0.0000","1",""
"admin","0250","","",""
"admin","0250-Gris-S","10.0000","1","Gris"
"admin","0250-Gris-M","9.0000","1","Gris"
"admin","0250-Gris-L","10.0000","1","Gris"
"admin","0251","0.0000","1",""
"admin","0251","","",""
"admin","0251","","",""
"admin","0251","","",""
"admin","0251-Gris-S","10.0000","1","Gris"
"admin","0251-Gris-M","10.0000","1","Gris"
"admin","0251-Gris-L","10.0000","1","Gris"
"admin","P012","0.0000","1",""
"admin","P012","","",""
"admin","P012","","",""
"admin","P012","","",""
"admin","P012-Marfil Estampado-S","9.0000","1","Marfil Estampado"
"admin","P012-Marfil Estampado-M","10.0000","1","Marfil Estampado"
"admin","P012-Marfil Estampado-L","10.0000","1","Marfil Estampado"
"admin","P012-Azul-S","10.0000","1","Azul"
"admin","P012-Azul-M","10.0000","1","Azul"
"admin","P012-Azul-L","10.0000","1","Azul"
"admin","0247","0.0000","1",""
"admin","0247","","",""
"admin","0247-Azul-S","9.0000","1","Azul"
"admin","0247-Azul-M","10.0000","1","Azul"
"admin","0247-Azul-L","10.0000","1","Azul"
"admin","0253","0.0000","1",""
"admin","0253","","",""
"admin","0253-Gris-S","10.0000","1","Gris"
"admin","0253-Gris-M","9.0000","1","Gris"
"admin","0253-Gris-L","10.0000","1","Gris"
"admin","B001-Rojo-L","0.0000","0","Rojo"
"admin","B007-Rojo-36","0.0000","0","Rojo"
"admin","0241-Púrpura Estampado-L","8.0000","1","Púrpura Estampado"
"admin","0251-Negro-S","10.0000","1","Negro"
"admin","0251-Negro-L","10.0000","1","Negro"
"admin","0251-Negro-M","10.0000","1","Negro"
"admin","8397","0.0000","1",""
"admin","8397-S","3.0000","1",""
"admin","8397-M","3.0000","1",""
"admin","8397-L","3.0000","1",""
"admin","8423","0.0000","1",""
"admin","8423-S","5.0000","1",""
"admin","8423-M","5.0000","1",""
"admin","8423-L","5.0000","1",""
"admin","8390","0.0000","1",""
"admin","8390-S","5.0000","1",""
"admin","8390-M","5.0000","1",""
"admin","8390-L","5.0000","1",""
"admin","8390-XL","5.0000","1",""
"admin","8422","0.0000","1",""
"admin","8422","","",""
"admin","8422","","",""
"admin","8422","","",""
"admin","8422","","",""
"admin","8422","","",""
"admin","8422","","",""
"admin","8422","","",""
"admin","8422","","",""
"admin","8422-Blanco-S","5.0000","1","Blanco"
"admin","8422-Blanco-M","5.0000","1","Blanco"
"admin","8422-Blanco-L","5.0000","1","Blanco"
"admin","8422-Negro-S","5.0000","1","Negro"
"admin","8422-Negro-M","3.0000","1","Negro"
"admin","8422-Negro-L","5.0000","1","Negro"
"admin","8399","0.0000","1",""
"admin","8399-S","5.0000","1",""
"admin","8399-M","1.0000","1",""
"admin","8399-L","1.0000","1",""
"admin","8407","0.0000","1",""
"admin","8407-S","5.0000","1",""
"admin","8407-M","5.0000","1",""
"admin","8407-L","5.0000","1",""
"admin","8398","0.0000","1",""
"admin","8398-S","1.0000","1",""
"admin","8398-M","1.0000","1",""
"admin","8412","0.0000","1",""
"admin","8412","","",""
"admin","8412-S","5.0000","1",""
"admin","8412-M","4.0000","1",""
"admin","8412-L","5.0000","1",""
"admin","8412-XL","5.0000","1",""
"admin","8391","0.0000","1",""
"admin","8391-S","5.0000","1",""
"admin","8391-M","5.0000","1",""
"admin","8391-L","5.0000","1",""
"admin","8418","0.0000","1",""
"admin","8418-S","2.0000","1",""
"admin","8418-M","2.0000","1",""
"admin","8418-L","2.0000","1",""
"admin","8418-XL","2.0000","1",""
"admin","8405","0.0000","1",""
"admin","8405-S","5.0000","1",""
"admin","8405-M","5.0000","1",""
"admin","8405-L","5.0000","1",""
"admin","8408","0.0000","1",""
"admin","8408","","",""
"admin","8408","","",""
"admin","8408","","",""
"admin","8408","","",""
"admin","8408","","",""
"admin","8408-Blanco-S","1.0000","1","Blanco"
"admin","8408-Blanco-M","2.0000","1","Blanco"
"admin","8408-Blanco-L","1.0000","1","Blanco"
"admin","8408-Blanco-XL","0.0000","0","Blanco"
"admin","8408-Azul-S","5.0000","1","Azul"
"admin","8408-Azul-M","5.0000","1","Azul"
"admin","8408-Azul-L","5.0000","1","Azul"
"admin","8408-Azul-XL","5.0000","1","Azul"
"admin","8408-Negro-S","5.0000","1","Negro"
"admin","8408-Negro-M","5.0000","1","Negro"
"admin","8408-Negro-L","5.0000","1","Negro"
"admin","8408-Negro-XL","5.0000","1","Negro"
"admin","8408-Beige-S","5.0000","1","Beige"
"admin","8408-Beige-M","1.0000","1","Beige"
"admin","8408-Beige-L","1.0000","1","Beige"
"admin","8408-Beige-XL","5.0000","1","Beige"
"admin","7669","0.0000","1",""
"admin","7669-S","2.0000","1",""
"admin","7669-M","3.0000","1",""
"admin","7669-L","3.0000","1",""
"admin","7669-XL","3.0000","1",""
"admin","7655","0.0000","1",""
"admin","7655-S","3.0000","1",""
"admin","7655-M","0.0000","0",""
"admin","7655-L","0.0000","0",""
"admin","8406","0.0000","1",""
"admin","8406-S","3.0000","1",""
"admin","8406-M","3.0000","1",""
"admin","8394","0.0000","1",""
"admin","8394-S","5.0000","1",""
"admin","8394-M","5.0000","1",""
"admin","8394-L","5.0000","1",""
"admin","8417","0.0000","1",""
"admin","8417-S","5.0000","1",""
"admin","8417-M","4.0000","1",""
"admin","8417-L","5.0000","1",""
"admin","8417-XL","5.0000","1",""
"admin","8393","0.0000","1",""
"admin","8393-S","5.0000","1",""
"admin","8393-M","5.0000","1",""
"admin","8393-L","5.0000","1",""
"admin","8393-XL","5.0000","1",""
"admin","8392","0.0000","1",""
"admin","8392-S","5.0000","1",""
"admin","8392-M","5.0000","1",""
"admin","8392-L","5.0000","1",""
"admin","8411","0.0000","1",""
"admin","8411-S","2.0000","1",""
"admin","8411-M","2.0000","1",""
"admin","8411-L","5.0000","1",""
"admin","8411-XL","2.0000","1",""
"admin","8419","0.0000","1",""
"admin","8419-S","2.0000","1",""
"admin","8419-M","2.0000","1",""
"admin","8419-L","2.0000","1",""
"admin","8421","0.0000","1",""
"admin","8421","","",""
"admin","8421-S","5.0000","1",""
"admin","8421-M","5.0000","1",""
"admin","8421-L","1.0000","1",""
"admin","8421-XL","1.0000","1",""
"admin","8409","0.0000","1",""
"admin","8424","0.0000","1",""
"admin","8424-S","5.0000","1",""
"admin","8424-M","5.0000","1",""
"admin","8424-L","5.0000","1",""
"admin","8424-XL","5.0000","1",""
"admin","8395","0.0000","1",""
"admin","8395-S","5.0000","1",""
"admin","8395-M","5.0000","1",""
"admin","8395-L","5.0000","1",""
"admin","8395-XL","5.0000","1",""
"admin","8404","0.0000","1",""
"admin","8404","","",""
"admin","8404","","",""
"admin","8404-Rosado-S","1.0000","1","Rosado"
"admin","8404-Rosado-M","1.0000","1","Rosado"
"admin","8404-Rosado-L","1.0000","1","Rosado"
"admin","8404-Rosado-XL","1.0000","1","Rosado"
"admin","8404-Gris-S","3.0000","1","Gris"
"admin","8404-Gris-M","3.0000","1","Gris"
"admin","8404-Gris-L","3.0000","1","Gris"
"admin","8404-Gris-XL","3.0000","1","Gris"
"admin","8401","0.0000","1",""
"admin","8401-S","2.0000","1",""
"admin","8401-M","2.0000","1",""
"admin","8401-L","2.0000","1",""
"admin","8401-XL","2.0000","1",""
"admin","8410","0.0000","1",""
"admin","8410-S","2.0000","1",""
"admin","8410-M","2.0000","1",""
"admin","8410-L","2.0000","1",""
"admin","8410-XL","2.0000","1",""
"admin","8420","0.0000","1",""
"admin","8420-S","5.0000","1",""
"admin","8420-M","5.0000","1",""
"admin","8420-L","5.0000","1",""
"admin","8420-XL","5.0000","1",""
"admin","8400","0.0000","1",""
"admin","8400-S","5.0000","1",""
"admin","8400-M","5.0000","1",""
"admin","8400-L","5.0000","1",""
"admin","8402","0.0000","1",""
"admin","8402-S","5.0000","1",""
"admin","8402-M","5.0000","1",""
"admin","8402-L","5.0000","1",""
"admin","8402-XL","5.0000","1",""
"admin","8403","0.0000","1",""
"admin","8403","","",""
"admin","8403","","",""
"admin","8403","","",""
"admin","8403-Blanco-S","1.0000","1","Blanco"
"admin","8403-Blanco-M","1.0000","1","Blanco"
"admin","8403-Blanco-L","1.0000","1","Blanco"
"admin","8403-Blanco-XL","1.0000","1","Blanco"
"admin","8403-Negro-S","3.0000","1","Negro"
"admin","8403-Negro-M","3.0000","1","Negro"
"admin","8403-Negro-L","3.0000","1","Negro"
"admin","8403-Negro-XL","3.0000","1","Negro"
"admin","T006","0.0000","1",""
"admin","T006","","",""
"admin","T006","","",""
"admin","T006","","",""
"admin","T006","","",""
"admin","T006-Blanco-S","5.0000","1","Blanco"
"admin","T006-Blanco-M","5.0000","1","Blanco"
"admin","T006-Blanco-L","5.0000","1","Blanco"
"admin","T006-Negro-S","5.0000","1","Negro"
"admin","T006-Negro-M","5.0000","1","Negro"
"admin","T006-Negro-L","5.0000","1","Negro"
"admin","8425","0.0000","1",""
"admin","8425-S","5.0000","1",""
"admin","8425-M","5.0000","1",""
"admin","8425-L","5.0000","1",""
"admin","7617","0.0000","1",""
"admin","7617-S","10.0000","1",""
"admin","7618","0.0000","1",""
"admin","7618-S","10.0000","1",""
"admin","7618-M","10.0000","1",""
"admin","7618-L","10.0000","1",""
"admin","8359","0.0000","1",""
"admin","8359-S","10.0000","1",""
"admin","8359-M","10.0000","1",""
"admin","8426","0.0000","1",""
"admin","8426-S","5.0000","1",""
"admin","8426-M","5.0000","1",""
"admin","8426-L","4.0000","1",""
"admin","8415","0.0000","1",""
"admin","8415","","",""
"admin","8415","","",""
"admin","8415","","",""
"admin","8415-Verde-S","10.0000","1","Verde"
"admin","8415-Verde-M","10.0000","1","Verde"
"admin","8415-Verde-L","10.0000","1","Verde"
"admin","8415-Coral-S","5.0000","1","Coral"
"admin","8415-Coral-M","5.0000","1","Coral"
"admin","8389","0.0000","1",""
"admin","8389-S","4.0000","1",""
"admin","8389-M","4.0000","1",""
"admin","8389-L","4.0000","1",""
"admin","8389-XL","5.0000","1",""
"admin","8396","0.0000","1",""
"admin","8396","","",""
"admin","8396-S","5.0000","1",""
"admin","8396-M","5.0000","1",""
"admin","8396-L","5.0000","1",""
"admin","8414","0.0000","1",""
"admin","8414-S","5.0000","1",""
"admin","8414-M","2.0000","1",""
"admin","8414-L","3.0000","1",""
"admin","8413","0.0000","1",""
"admin","8413","","",""
"admin","8413","","",""
"admin","8413-Naranja-S","5.0000","1","Naranja"
"admin","8413-Naranja-M","5.0000","1","Naranja"
"admin","8413-Naranja-L","0.0000","0","Naranja"
"admin","8413-Coral-S","0.0000","0","Coral"
"admin","8413-Coral-M","1.0000","1","Coral"
"admin","8413-Coral-L","0.0000","0","Coral"
"admin","0223","0.0000","1",""
"admin","0223-L","9.0000","1",""
"admin","H006","0.0000","1",""
"admin","H006","","",""
"admin","H006","","",""
"admin","H006","","",""
"admin","H006-Blanco-S","10.0000","1","Blanco"
"admin","H006-Blanco-M","10.0000","1","Blanco"
"admin","H006-Blanco-L","10.0000","1","Blanco"
"admin","H006-Negro-S","10.0000","1","Negro"
"admin","H006-Negro-M","10.0000","1","Negro"
"admin","H006-Negro-L","10.0000","1","Negro"
"admin","8409-S","1.0000","1",""
"admin","8409-M","1.0000","1",""
"admin","8409-L","1.0000","1",""
